{"cluster_statistics": {"min": 1, "max": 1, "mean": 1.0, "median": 1.0, "q1": 1.0, "q3": 1.0, "coverage": 0.0, "modularity": -4.667813117538918e-06, "#clusters": 7445898, "singletons": 7445898, "CPM_score": 0}, "singleton_statistics": {"min": 1, "max": 79220, "mean": 15.447991901044038, "median": 4.0, "q1": 1.0, "q3": 10.0}}