{"cluster_statistics": {"min": 2.0, "max": 142.0, "mean": 5.144527003256209, "median": 5.0, "q1": 4.0, "q3": 5.0, "coverage": 26.120059662380545, "modularity": 0.05855756772161059, "#clusters": 5879072, "singletons": 5501025, "CPM_score": 1546044.5}, "singleton_statistics": {"min": 1, "max": 215, "mean": 4.941797755872769, "median": 3.0, "q1": 1.0, "q3": 6.0}}