{"min": 1.0, "max": 142.0, "mean": 1.2665090680978222, "median": 1.0, "q1": 1.0, "q3": 1.0, "coverage": 26.120059662380545, "modularity": 0.05855756772161059, "#clusters": 5879072, "singletons": 5501025}