{"min": 1.0, "max": 4359.0, "mean": 9.021798738190988, "median": 1.0, "q1": 1.0, "q3": 1.0, "coverage": 90.29198358613024, "modularity": 0.32366109048068387, "#clusters": 825323, "singletons": 722849}