{"min": 1.0, "max": 17949.0, "mean": 10.476246621483776, "median": 1.0, "q1": 1.0, "q3": 1.0, "coverage": 90.95774613082264, "modularity": 0.42003361938299777, "#clusters": 710741, "singletons": 673277}