{"min": 1.0, "max": 29443.0, "mean": 14.19390984094063, "median": 1.0, "q1": 1.0, "q3": 1.0, "coverage": 93.2056818398533, "modularity": 0.46322406952796474, "#clusters": 524584, "singletons": 505898}