{"min": 1.0, "max": 156.0, "mean": 1.3518789850201913, "median": 1.0, "q1": 1.0, "q3": 1.0, "coverage": 31.36686803928821, "modularity": 0.06459341866393453, "#clusters": 5507814, "singletons": 5110353}