{"min": 1.0, "max": 16.0, "mean": 1.07749176277665, "median": 1.0, "q1": 1.0, "q3": 1.0, "coverage": 12.223764010734502, "modularity": 0.013846161087640568, "#clusters": 6910399, "singletons": 6535729}