{"min": 1.0, "max": 6.0, "mean": 1.0663236320803693, "median": 1.0, "q1": 1.0, "q3": 1.0, "coverage": 12.296408035672796, "modularity": 0.00823823282177922, "#clusters": 6982775, "singletons": 6530320}