{"min": 1.0, "max": 543.0, "mean": 3.461991039429856, "median": 1.0, "q1": 1.0, "q3": 1.0, "coverage": 75.91655163688785, "modularity": 0.16475215906316812, "#clusters": 2150756, "singletons": 1793229}