{"min": 1.0, "max": 56437.0, "mean": 15.381893903555072, "median": 1.0, "q1": 1.0, "q3": 1.0, "coverage": 93.5804250877463, "modularity": 0.5364235935682765, "#clusters": 484069, "singletons": 477995}