{"min": 1.0, "max": 33.0, "mean": 1.0788345297848474, "median": 1.0, "q1": 1.0, "q3": 1.0, "coverage": 12.26490075475114, "modularity": 0.01560847913793786, "#clusters": 6901798, "singletons": 6532666}