{"min": 1.0, "max": 2545.0, "mean": 6.705539395358471, "median": 1.0, "q1": 1.0, "q3": 1.0, "coverage": 87.50924334445624, "modularity": 0.27245148020116716, "#clusters": 1110410, "singletons": 930049}