{"min": 1.0, "max": 2.0, "mean": 1.0000107442862558, "median": 1.0, "q1": 1.0, "q3": 1.0, "coverage": 0.002148834163454831, "modularity": -3.2770336281034987e-06, "#clusters": 7445818, "singletons": 7445738}