{"min": 1.0, "max": 67.0, "mean": 1.09876248077582, "median": 1.0, "q1": 1.0, "q3": 1.0, "coverage": 13.437734441164787, "modularity": 0.02787891267687511, "#clusters": 6776622, "singletons": 6445338}