{"min": 1.0, "max": 629.0, "mean": 3.524528612691317, "median": 1.0, "q1": 1.0, "q3": 1.0, "coverage": 76.11253874280845, "modularity": 0.1701051630741818, "#clusters": 2112594, "singletons": 1778636}