{"min": 2.0, "max": 608832.0, "mean": 33691.846153846156, "median": 20.0, "q1": 8.0, "q3": 68.0, "coverage": 100.0, "modularity": 0.6522034588208644, "#clusters": 221, "singletons": 0}