{"min": 2.0, "max": 748702.0, "mean": 29430.426877470356, "median": 21.0, "q1": 9.0, "q3": 62.0, "coverage": 100.0, "modularity": 0.6536770619194227, "#clusters": 253, "singletons": 0}